Precision,Recall,F1,F_beta
0.865625,0.428106295,0.546110556,0.466272329
