Precision,Recall,F1,F_beta
0.845,0.518497921,0.614426519,0.549712122
